Status,Image_Name,Timestamp
Normal,Normal_06jYK6.jpg,25/06/2025 09:30:00
Normal,Normal_0hLklq.jpg,25/06/2025 10:03:29
Normal,Normal_13V54a.jpg,25/06/2025 10:36:59
Normal,Normal_2If6P9.jpg,25/06/2025 11:10:29
Normal,Normal_43eHtm.jpg,25/06/2025 11:43:59
Normal,Normal_44LyLz.jpg,25/06/2025 12:17:28
Normal,Normal_51OPU6.jpg,25/06/2025 13:24:38
Normal,Normal_57T8QR.jpg,25/06/2025 13:58:08
Normal,Normal_5VqKKq.jpg,25/06/2025 14:31:38
Normal,Normal_8yyC15.jpg,25/06/2025 15:05:07
Normal,Normal_bBlq4D.jpg,25/06/2025 17:09:31
Normal,Normal_bG0nJS.jpg,25/06/2025 17:43:01
Normal,Normal_bRFGMd.jpg,25/06/2025 18:16:31
Normal,Normal_bsBjH1.jpg,25/06/2025 18:50:00
Normal,Normal_Bt3rBu.jpg,25/06/2025 19:23:30
Normal,Normal_BtSXQM.jpg,25/06/2025 20:14:10
Normal,Normal_bxEOSz.jpg,25/06/2025 20:47:40
Normal,Normal_bY2MNJ.jpg,25/06/2025 21:21:10
Normal,Normal_CO07FO.jpg,25/06/2025 21:54:39
Normal,Normal_cpgQGx.jpg,26/06/2025 09:58:09
Normal,Normal_CXejQZ.jpg,26/06/2025 10:31:39
Normal,Normal_czZnCY.jpg,26/06/2025 11:05:09
Normal,Normal_dBNuny.jpg,26/06/2025 11:38:38
Normal,Normal_dFDniT.jpg,26/06/2025 12:12:08
Normal,Normal_DJgvyw.jpg,26/06/2025 12:45:38
Normal,Normal_DKbxeR.jpg,26/06/2025 13:49:18
Normal,Normal_f5A2If.jpg,26/06/2025 14:22:47
Normal,Normal_F7mXPi.jpg,26/06/2025 14:56:17
Normal,Normal_FCXD2l.jpg,26/06/2025 15:29:47
Normal,Normal_fdsdA7.jpg,26/06/2025 16:03:17
Normal,Normal_Ffd2Rn.jpg,26/06/2025 17:06:44
Normal,Normal_g3K4EI.jpg,26/06/2025 17:40:13
Normal,Normal_ggjDXu.jpg,26/06/2025 18:13:43
Normal,Normal_glpxYv.jpg,26/06/2025 19:40:00
Normal,Normal_GMsH6R.jpg,26/06/2025 20:13:30
Normal,Normal_GpOlCw.jpg,26/06/2025 20:46:59
Normal,Normal_GWtYgg.jpg,26/06/2025 21:20:29
Normal,Normal_hd2yLu.jpg,26/06/2025 21:53:59
Normal,Normal_hP2W3F.jpg,27/06/2025 09:57:29
Normal,Normal_htxmMp.jpg,27/06/2025 10:30:58
Normal,Normal_iOdUOw.jpg,27/06/2025 11:04:28
Normal,Normal_IrMDgS.jpg,27/06/2025 11:37:58
Normal,Normal_iUHfS8.jpg,27/06/2025 12:11:28
Normal,Normal_kdU7Bj.jpg,27/06/2025 13:37:45
Normal,Normal_kgG14z.jpg,27/06/2025 14:11:14
Normal,Normal_KJyYZP.jpg,27/06/2025 14:44:44
Normal,Normal_kwYBZz.jpg,27/06/2025 15:18:14
Normal,Normal_KxefLW.jpg,27/06/2025 16:21:54
Normal,Normal_kZM2yM.jpg,27/06/2025 16:55:23
Normal,Normal_L1Dr0A.jpg,27/06/2025 17:28:53
Normal,Normal_LO11vK.jpg,27/06/2025 18:02:23
Normal,Normal_mFpcTJ.jpg,27/06/2025 18:35:53
Normal,Normal_mOt6zZ.jpg,27/06/2025 19:39:19
Normal,Normal_mRY8Mk.jpg,27/06/2025 20:12:49
Normal,Normal_MS902j.jpg,27/06/2025 20:46:19
Normal,Normal_NQjW7i.jpg,27/06/2025 21:19:49
Normal,Normal_NW2P9D.jpg,27/06/2025 21:53:19
Normal,Normal_O1428u.jpg,28/06/2025 09:56:48
Normal,Normal_oc6eRp.jpg,28/06/2025 10:30:18
Normal,Normal_oFEJVs.jpg,28/06/2025 11:03:48
Normal,Normal_oit95o.jpg,28/06/2025 11:37:18
Normal,Normal_P2HPJs.jpg,28/06/2025 12:10:47
Normal,Normal_p7VpX6.jpg,28/06/2025 12:44:17
Normal,Normal_pBR3nO.jpg,28/06/2025 13:47:44
Normal,Normal_QeVCfm.jpg,28/06/2025 14:21:14
Normal,Normal_qxofsT.jpg,28/06/2025 14:54:43
Normal,Normal_r3qtrF.jpg,28/06/2025 15:28:13
Normal,Normal_RacVvf.jpg,28/06/2025 16:01:43
Normal,Normal_rb3Op8.jpg,28/06/2025 18:15:03
Normal,Normal_RFusB4.jpg,28/06/2025 18:48:32
Normal,Normal_RL53n6.jpg,28/06/2025 19:22:02
Normal,Normal_roo5gf.jpg,28/06/2025 20:25:42
Normal,Normal_RYVNAQ.jpg,28/06/2025 20:59:12
Normal,Normal_S2MNtT.jpg,28/06/2025 21:32:42
Normal,Normal_skhGjF.jpg,29/06/2025 09:36:11
Normal,Normal_ssGfHg.jpg,29/06/2025 10:09:41
Normal,Normal_SWntc1.jpg,29/06/2025 10:43:11
Normal,Normal_T1PzIn.jpg,29/06/2025 11:16:41
Normal,Normal_Tpq2LR.jpg,29/06/2025 12:20:20
Normal,Normal_TRzfzF.jpg,29/06/2025 12:53:50
Normal,Normal_TTdW3Y.jpg,29/06/2025 13:27:20
Normal,Normal_u8VzXd.jpg,29/06/2025 14:53:37
Normal,Normal_ucQ4Rf.jpg,29/06/2025 15:27:06
Normal,Normal_UFamAi.jpg,29/06/2025 16:00:36
Normal,Normal_UozYmf.jpg,29/06/2025 16:34:06
Normal,Normal_UVA1ks.jpg,29/06/2025 17:07:36
Normal,Normal_uYYcza.jpg,29/06/2025 17:41:06
Normal,Normal_V20UJT.jpg,29/06/2025 18:14:35
Normal,Normal_V62Uxo.jpg,29/06/2025 19:18:02
Normal,Normal_vFJXzn.jpg,29/06/2025 19:51:32
Normal,Normal_VoGMlz.jpg,29/06/2025 20:25:02
Normal,Normal_vooNdo.jpg,29/06/2025 20:58:31
Normal,Normal_vQkXqq.jpg,29/06/2025 21:32:01
Normal,Normal_VslH8a.jpg,30/06/2025 09:35:31
Anomaly,Anomaly_0l6CFE.jpg,25/06/2025 12:26:42
Anomaly,Anomaly_0lICaI.jpg,25/06/2025 12:32:07
Anomaly,Anomaly_0sgE6v.jpg,25/06/2025 12:37:32
Anomaly,Anomaly_0tuKpW.jpg,25/06/2025 12:42:58
Anomaly,Anomaly_1alKs3.jpg,25/06/2025 12:48:23
Anomaly,Anomaly_1O1jrv.jpg,25/06/2025 12:53:48
Anomaly,Anomaly_2Gtosx.jpg,25/06/2025 12:59:14
Anomaly,Anomaly_2XkB1t.jpg,25/06/2025 15:38:31
Anomaly,Anomaly_3NWnfP.jpg,25/06/2025 15:43:57
Anomaly,Anomaly_3uRpZY.jpg,25/06/2025 15:49:22
Anomaly,Anomaly_4rTRUC.jpg,25/06/2025 15:54:47
Anomaly,Anomaly_56pAdw.jpg,25/06/2025 16:00:13
Anomaly,Anomaly_5bbI65.jpg,25/06/2025 16:05:38
Anomaly,Anomaly_6yUQZS.jpg,25/06/2025 16:11:04
Anomaly,Anomaly_70WFJ4.jpg,25/06/2025 16:16:29
Anomaly,Anomaly_7jjiB3.jpg,25/06/2025 16:21:54
Anomaly,Anomaly_7XVYA9.jpg,25/06/2025 16:27:20
Anomaly,Anomaly_88VBYj.jpg,25/06/2025 16:32:45
Anomaly,Anomaly_89jQ3T.jpg,25/06/2025 16:38:11
Anomaly,Anomaly_8qTCGz.jpg,25/06/2025 16:43:36
Anomaly,Anomaly_8RnKlT.jpg,25/06/2025 16:49:01
Anomaly,Anomaly_a3VUOl.jpg,25/06/2025 16:54:27
Anomaly,Anomaly_ADDwtw.jpg,25/06/2025 16:59:52
Anomaly,Anomaly_ALNtic.jpg,25/06/2025 19:31:32
Anomaly,Anomaly_AU7HrG.jpg,25/06/2025 19:36:58
Anomaly,Anomaly_AYpj16.jpg,25/06/2025 19:42:23
Anomaly,Anomaly_bcyyRY.jpg,25/06/2025 19:47:49
Anomaly,Anomaly_BVxFUx.jpg,26/06/2025 13:00:43
Anomaly,Anomaly_ceBE8z.jpg,26/06/2025 13:06:08
Anomaly,Anomaly_CFEEwc.jpg,26/06/2025 13:11:34
Anomaly,Anomaly_CG9fUB.jpg,26/06/2025 13:16:59
Anomaly,Anomaly_ColZM0.jpg,26/06/2025 13:22:25
Anomaly,Anomaly_CqAO31.jpg,26/06/2025 16:12:00
Anomaly,Anomaly_cYFdRN.jpg,26/06/2025 16:17:25
Anomaly,Anomaly_D5j3Er.jpg,26/06/2025 16:22:51
Anomaly,Anomaly_D5y8U7.jpg,26/06/2025 16:28:16
Anomaly,Anomaly_db8FYs.jpg,26/06/2025 16:33:42
Anomaly,Anomaly_Din351.jpg,26/06/2025 16:39:07
Anomaly,Anomaly_dnjHaW.jpg,26/06/2025 18:42:02
Anomaly,Anomaly_EK1OBj.jpg,26/06/2025 18:47:28
Anomaly,Anomaly_emxBf5.jpg,26/06/2025 18:52:53
Anomaly,Anomaly_exV1G1.jpg,26/06/2025 18:58:19
Anomaly,Anomaly_EySJtS.jpg,26/06/2025 19:03:44
Anomaly,Anomaly_FcKFx6.jpg,26/06/2025 19:09:09
Anomaly,Anomaly_fGoaIT.jpg,26/06/2025 19:14:35
Anomaly,Anomaly_flydRw.jpg,26/06/2025 19:20:00
Anomaly,Anomaly_FqtvLy.jpg,26/06/2025 19:25:25
Anomaly,Anomaly_g3Szcr.jpg,27/06/2025 12:27:14
Anomaly,Anomaly_G9ZYff.jpg,27/06/2025 12:32:39
Anomaly,Anomaly_gEX5KF.jpg,27/06/2025 12:38:05
Anomaly,Anomaly_Guylpc.jpg,27/06/2025 12:43:30
Anomaly,Anomaly_gy0DYR.jpg,27/06/2025 12:48:55
Anomaly,Anomaly_GZJauP.jpg,27/06/2025 12:54:21
Anomaly,Anomaly_h9aZGE.jpg,27/06/2025 12:59:46
Anomaly,Anomaly_hE7esM.jpg,27/06/2025 13:05:12
Anomaly,Anomaly_hJG627.jpg,27/06/2025 13:10:37
Anomaly,Anomaly_HoYVE2.jpg,27/06/2025 13:16:02
Anomaly,Anomaly_hQ4ebg.jpg,27/06/2025 15:44:41
Anomaly,Anomaly_hV8ajp.jpg,27/06/2025 15:50:06
Anomaly,Anomaly_HZ2I5k.jpg,27/06/2025 15:55:32
Anomaly,Anomaly_ifFR6c.jpg,27/06/2025 16:00:57
Anomaly,Anomaly_inWzR9.jpg,27/06/2025 16:06:22
Anomaly,Anomaly_IVYGEO.jpg,27/06/2025 16:11:48
Anomaly,Anomaly_J8Hwdn.jpg,27/06/2025 18:52:11
Anomaly,Anomaly_jjqsT5.jpg,27/06/2025 18:57:37
Anomaly,Anomaly_jQsszl.jpg,27/06/2025 19:03:02
Anomaly,Anomaly_jR2Rqh.jpg,27/06/2025 19:08:27
Anomaly,Anomaly_Jrm3TM.jpg,27/06/2025 19:13:53
Anomaly,Anomaly_JUObhj.jpg,28/06/2025 12:59:14
Anomaly,Anomaly_keMHDH.jpg,28/06/2025 13:04:40
Anomaly,Anomaly_LfbCg9.jpg,28/06/2025 13:10:05
Anomaly,Anomaly_Lfo066.jpg,28/06/2025 13:15:30
Anomaly,Anomaly_lO2FBS.jpg,28/06/2025 13:20:56
Anomaly,Anomaly_m4jUOb.jpg,28/06/2025 13:26:21
Anomaly,Anomaly_M6tUTW.jpg,28/06/2025 16:32:20
Anomaly,Anomaly_mDcgbM.jpg,28/06/2025 16:37:46
Anomaly,Anomaly_MEPpN3.jpg,28/06/2025 16:43:11
Anomaly,Anomaly_MhQZhd.jpg,28/06/2025 16:48:37
Anomaly,Anomaly_mlYUa5.jpg,28/06/2025 16:54:02
Anomaly,Anomaly_mMWvkl.jpg,28/06/2025 16:59:27
Anomaly,Anomaly_MnMVvq.jpg,28/06/2025 17:04:53
Anomaly,Anomaly_MNQ7IE.jpg,28/06/2025 17:10:18
Anomaly,Anomaly_moKU9c.jpg,28/06/2025 17:15:44
Anomaly,Anomaly_MRJu0A.jpg,28/06/2025 17:21:09
Anomaly,Anomaly_n6TcIQ.jpg,28/06/2025 17:26:34
Anomaly,Anomaly_NCQjE4.jpg,28/06/2025 17:32:00
Anomaly,Anomaly_NYtB3F.jpg,28/06/2025 17:37:25
Anomaly,Anomaly_nZFCzR.jpg,28/06/2025 17:42:51
Anomaly,Anomaly_o6bira.jpg,28/06/2025 17:48:16
Anomaly,Anomaly_P7ciVX.jpg,28/06/2025 17:53:41
Anomaly,Anomaly_pdZXK7.jpg,28/06/2025 17:59:07
Anomaly,Anomaly_PLTKUS.jpg,28/06/2025 18:04:32
Anomaly,Anomaly_PWyH0I.jpg,28/06/2025 19:54:03
Anomaly,Anomaly_Q9Ss8X.jpg,28/06/2025 19:59:29
Anomaly,Anomaly_QVTMic.jpg,28/06/2025 20:04:54
Anomaly,Anomaly_QYKhbP.jpg,28/06/2025 20:10:20
Anomaly,Anomaly_RekPPR.jpg,28/06/2025 20:15:45
Anomaly,Anomaly_Ri68cm.jpg,28/06/2025 20:21:10
Anomaly,Anomaly_RysV2G.jpg,29/06/2025 11:47:18
Anomaly,Anomaly_ScCSdJ.jpg,29/06/2025 11:52:43
Anomaly,Anomaly_sFAJ8X.jpg,29/06/2025 11:58:09
Anomaly,Anomaly_sIkaVD.jpg,29/06/2025 12:03:34
Anomaly,Anomaly_sPsxPN.jpg,29/06/2025 12:08:59
Anomaly,Anomaly_t5j5Ka.jpg,29/06/2025 13:56:59
Anomaly,Anomaly_TBqB2i.jpg,29/06/2025 14:02:24
Anomaly,Anomaly_TJ1gol.jpg,29/06/2025 14:07:50
Anomaly,Anomaly_ToGtna.jpg,29/06/2025 14:13:15
Anomaly,Anomaly_trWDyG.jpg,29/06/2025 14:18:40
Anomaly,Anomaly_uUt5Tu.jpg,29/06/2025 14:24:06
Anomaly,Anomaly_uX0U4l.jpg,29/06/2025 14:29:31
Anomaly,Anomaly_uxQo7g.jpg,29/06/2025 14:34:57
Anomaly,Anomaly_vFYBha.jpg,29/06/2025 14:40:22
Anomaly,Anomaly_vIrddz.jpg,29/06/2025 14:45:47
Anomaly,Anomaly_VoKFRT.jpg,29/06/2025 18:41:36
Anomaly,Anomaly_vq9Ul6.jpg,29/06/2025 18:47:01
Anomaly,Anomaly_VTduW6.jpg,29/06/2025 18:52:27
Anomaly,Anomaly_VWbz9A.jpg,29/06/2025 18:57:52
Anomaly,Anomaly_VXNPYy.jpg,29/06/2025 19:03:17
Anomaly,Anomaly_W5alPt.jpg,29/06/2025 19:08:43
Anomaly,Anomaly_wDvmxN.jpg,30/06/2025 12:32:54
Anomaly,Anomaly_WnD75w.jpg,30/06/2025 12:38:19
Anomaly,Anomaly_wnhfg7.jpg,30/06/2025 12:43:45
Anomaly,Anomaly_wQrM6k.jpg,30/06/2025 12:49:10
Anomaly,Anomaly_x64VNe.jpg,30/06/2025 12:54:36
Anomaly,Anomaly_x7rw9g.jpg,30/06/2025 16:34:09
Anomaly,Anomaly_xaMlAl.jpg,30/06/2025 16:39:34
Anomaly,Anomaly_XIIvpp.jpg,30/06/2025 16:45:00
Anomaly,Anomaly_XnpPJ5.jpg,30/06/2025 16:50:25
Anomaly,Anomaly_Xvmj61.jpg,30/06/2025 16:55:51
Anomaly,Anomaly_Y66LeE.jpg,30/06/2025 17:01:16
Anomaly,Anomaly_yAMKmz.jpg,30/06/2025 19:07:51
Anomaly,Anomaly_yc4Cp9.jpg,30/06/2025 19:13:17
Anomaly,Anomaly_YJ3ckf.jpg,30/06/2025 19:18:42
Anomaly,Anomaly_yor79s.jpg,30/06/2025 19:24:08
Anomaly,Anomaly_yUqG79.jpg,30/06/2025 19:29:33
Anomaly,Anomaly_yYNy6u.jpg,30/06/2025 19:34:58
Anomaly,Anomaly_zAtVpp.jpg,30/06/2025 19:40:24
Anomaly,Anomaly_ZkQF2i.jpg,30/06/2025 19:45:49
Anomaly,Anomaly_Zvazo1.jpg,30/06/2025 19:51:15
Normal,Normal_vVf46R.jpg,30/06/2025 10:09:01
Normal,Normal_vYh8rz.jpg,30/06/2025 10:42:30
Normal,Normal_W3Lj0k.jpg,30/06/2025 11:16:00
Normal,Normal_WBVeUI.jpg,30/06/2025 11:49:30
Normal,Normal_wDQRMZ.jpg,30/06/2025 12:23:00
Normal,Normal_wEAp1j.jpg,30/06/2025 13:27:45
Normal,Normal_wFacYf.jpg,30/06/2025 14:01:14
Normal,Normal_WhXEGZ.jpg,30/06/2025 14:34:44
Normal,Normal_WiWd71.jpg,30/06/2025 15:08:14
Normal,Normal_WqnRa9.jpg,30/06/2025 15:41:44
Normal,Normal_Wy07Bk.jpg,30/06/2025 16:15:13
Normal,Normal_X3EcB9.jpg,30/06/2025 17:19:05
Normal,Normal_xa5EZ7.jpg,30/06/2025 17:52:35
Normal,Normal_XdvoNu.jpg,30/06/2025 18:26:05
Normal,Normal_XKff0b.jpg,30/06/2025 18:59:34
Normal,Normal_XOyMLG.jpg,30/06/2025 20:19:29
Normal,Normal_YJQhGt.jpg,30/06/2025 20:52:59
Normal,Normal_ypJSsD.jpg,30/06/2025 21:26:29
Normal,Normal_yzUdSc.jpg,30/06/2025 21:59:59
