Image_Name,Status,Timestamp
Anomaly_0BgYsO.jpg,Anomaly,03/07/2025 13:14:51
Anomaly_0DoeNa.jpg,Anomaly,03/07/2025 13:16:18
Anomaly_0fQQ0i.jpg,Anomaly,03/07/2025 13:17:46
Anomaly_0iPNwU.jpg,Anomaly,03/07/2025 13:19:14
Anomaly_0JFNZp.jpg,Anomaly,03/07/2025 13:20:41
Anomaly_0NtKa1.jpg,Anomaly,03/07/2025 13:22:09
Anomaly_0nzdcY.jpg,Anomaly,03/07/2025 13:23:37
Anomaly_0sCIx7.jpg,Anomaly,03/07/2025 13:25:04
Anomaly_0zDL02.jpg,Anomaly,03/07/2025 13:26:32
Anomaly_1bqM2U.jpg,Anomaly,03/07/2025 13:28:00
Anomaly_1GJaw2.jpg,Anomaly,03/07/2025 13:29:27
Anomaly_1P5uvK.jpg,Anomaly,03/07/2025 13:30:55
Anomaly_1pqz5E.jpg,Anomaly,03/07/2025 13:32:23
Anomaly_1qsKrs.jpg,Anomaly,03/07/2025 14:06:50
Anomaly_1SJqzd.jpg,Anomaly,03/07/2025 14:08:17
Anomaly_1TPBKp.jpg,Anomaly,03/07/2025 14:09:45
Anomaly_1uJgu1.jpg,Anomaly,03/07/2025 14:11:13
Anomaly_1Z0I6L.jpg,Anomaly,03/07/2025 14:12:40
Anomaly_2FIvu3.jpg,Anomaly,03/07/2025 14:14:08
Anomaly_2Hq9OS.jpg,Anomaly,03/07/2025 14:15:36
Anomaly_2j7jcT.jpg,Anomaly,03/07/2025 14:17:03
Anomaly_2nlhzd.jpg,Anomaly,03/07/2025 14:18:31
Anomaly_2PAITj.jpg,Anomaly,03/07/2025 15:38:30
Anomaly_2t1asz.jpg,Anomaly,03/07/2025 15:39:58
Anomaly_2VLJBp.jpg,Anomaly,03/07/2025 15:41:25
Anomaly_2wqBJ5.jpg,Anomaly,03/07/2025 15:42:53
Anomaly_2zqJou.jpg,Anomaly,03/07/2025 15:44:21
Anomaly_3jSKG3.jpg,Anomaly,04/07/2025 13:32:15
Anomaly_3Jykau.jpg,Anomaly,04/07/2025 13:33:43
Anomaly_3P143i.jpg,Anomaly,04/07/2025 13:35:11
Anomaly_3QpBU7.jpg,Anomaly,04/07/2025 13:36:38
Anomaly_3vb345.jpg,Anomaly,04/07/2025 13:38:06
Anomaly_3X1e4x.jpg,Anomaly,04/07/2025 13:39:34
Anomaly_3xnVHm.jpg,Anomaly,04/07/2025 13:41:02
Anomaly_49aV0W.jpg,Anomaly,04/07/2025 13:42:29
Anomaly_4Avohb.jpg,Anomaly,04/07/2025 13:43:57
Anomaly_4Bb0MF.jpg,Anomaly,04/07/2025 13:45:25
Anomaly_4CaHKt.jpg,Anomaly,04/07/2025 13:46:52
Anomaly_4eXIrz.jpg,Anomaly,04/07/2025 13:48:20
Anomaly_4jt73P.jpg,Anomaly,04/07/2025 14:20:21
Anomaly_4L68Tm.jpg,Anomaly,04/07/2025 14:21:48
Anomaly_4QStjc.jpg,Anomaly,04/07/2025 14:23:16
Anomaly_5tOYAe.jpg,Anomaly,04/07/2025 14:24:44
Anomaly_5UYfrF.jpg,Anomaly,04/07/2025 14:26:12
Anomaly_65ijAy.jpg,Anomaly,04/07/2025 14:27:39
Anomaly_69PHiN.jpg,Anomaly,04/07/2025 14:29:07
Anomaly_7oUupw.jpg,Anomaly,04/07/2025 14:30:35
Anomaly_8mSbZT.jpg,Anomaly,04/07/2025 14:32:02
Anomaly_8QHKaf.jpg,Anomaly,04/07/2025 18:29:33
Anomaly_aCX0LU.jpg,Anomaly,04/07/2025 18:31:01
Anomaly_AQ7wHQ.jpg,Anomaly,04/07/2025 18:32:28
Anomaly_aRYHGI.jpg,Anomaly,04/07/2025 18:33:56
Anomaly_AzMRUh.jpg,Anomaly,04/07/2025 18:35:24
Anomaly_bPsLOB.jpg,Anomaly,04/07/2025 18:36:52
Anomaly_C0cmvR.jpg,Anomaly,05/07/2025 16:39:01
Anomaly_CAzxpL.jpg,Anomaly,05/07/2025 16:40:29
Anomaly_CxHSoW.jpg,Anomaly,05/07/2025 16:41:57
Anomaly_Dgj24q.jpg,Anomaly,05/07/2025 16:43:24
Anomaly_difAWl.jpg,Anomaly,05/07/2025 16:44:52
Anomaly_DKNZmh.jpg,Anomaly,06/07/2025 15:50:50
Anomaly_DkqTXH.jpg,Anomaly,06/07/2025 15:52:17
Anomaly_dw89wR.jpg,Anomaly,06/07/2025 15:53:45
Anomaly_dxGSSt.jpg,Anomaly,06/07/2025 15:55:13
Anomaly_EK07Yo.jpg,Anomaly,06/07/2025 15:56:41
Anomaly_F9ZAVC.jpg,Anomaly,06/07/2025 15:58:08
Anomaly_FWFjFO.jpg,Anomaly,06/07/2025 15:59:36
Anomaly_G1KcNT.jpg,Anomaly,06/07/2025 16:01:04
Anomaly_gcHk3r.jpg,Anomaly,06/07/2025 16:02:31
Anomaly_GpRAeE.jpg,Anomaly,06/07/2025 16:03:59
Anomaly_gPVcW9.jpg,Anomaly,06/07/2025 16:05:27
Anomaly_HB0m01.jpg,Anomaly,06/07/2025 16:06:54
Anomaly_hEgiTa.jpg,Anomaly,06/07/2025 17:38:19
Anomaly_hFSI9C.jpg,Anomaly,06/07/2025 17:39:47
Anomaly_HzeSaC.jpg,Anomaly,06/07/2025 17:41:15
Anomaly_iDc59o.jpg,Anomaly,06/07/2025 17:42:42
Anomaly_IiDJPs.jpg,Anomaly,06/07/2025 17:44:10
Anomaly_it2FDR.jpg,Anomaly,06/07/2025 17:45:38
Anomaly_j29Lyl.jpg,Anomaly,06/07/2025 17:47:05
Anomaly_k3ntMu.jpg,Anomaly,06/07/2025 17:48:33
Anomaly_KAwqri.jpg,Anomaly,06/07/2025 17:50:01
Anomaly_kNuAPM.jpg,Anomaly,07/07/2025 14:41:52
Anomaly_Kwpymz.jpg,Anomaly,07/07/2025 14:43:20
Anomaly_lgxsGy.jpg,Anomaly,07/07/2025 14:44:48
Anomaly_ll3tyR.jpg,Anomaly,07/07/2025 14:46:16
Anomaly_LOmYK6.jpg,Anomaly,07/07/2025 14:47:43
Anomaly_lTi4Ut.jpg,Anomaly,07/07/2025 14:49:11
Anomaly_LwBHgi.jpg,Anomaly,07/07/2025 18:58:43
Anomaly_m3yB9v.jpg,Anomaly,07/07/2025 19:00:10
Anomaly_mAb7Vr.jpg,Anomaly,07/07/2025 19:01:38
Anomaly_mIkdBS.jpg,Anomaly,07/07/2025 19:03:06
Anomaly_nAvLCn.jpg,Anomaly,07/07/2025 19:04:33
Anomaly_NdQbKn.jpg,Anomaly,07/07/2025 19:06:01
Anomaly_nEsSe2.jpg,Anomaly,07/07/2025 19:07:29
Anomaly_NYlqVs.jpg,Anomaly,07/07/2025 19:08:57
Anomaly_O6WId7.jpg,Anomaly,07/07/2025 19:10:24
Anomaly_Of3Bqn.jpg,Anomaly,07/07/2025 19:11:52
Anomaly_OG5b31.jpg,Anomaly,07/07/2025 19:13:20
Anomaly_OLGVqd.jpg,Anomaly,07/07/2025 19:14:47
Anomaly_oNsCqs.jpg,Anomaly,07/07/2025 20:34:30
Anomaly_oP8e9f.jpg,Anomaly,07/07/2025 20:35:58
Anomaly_ORZYVX.jpg,Anomaly,07/07/2025 20:37:25
Anomaly_oxcHMf.jpg,Anomaly,07/07/2025 20:38:53
Anomaly_P6RaWH.jpg,Anomaly,07/07/2025 20:40:21
Anomaly_pdV0rv.jpg,Anomaly,07/07/2025 20:41:49
Anomaly_PR6IA6.jpg,Anomaly,07/07/2025 20:43:16
Anomaly_q6nNhu.jpg,Anomaly,07/07/2025 20:44:44
Anomaly_QOqfjp.jpg,Anomaly,07/07/2025 20:46:12
Anomaly_rTGewn.jpg,Anomaly,08/07/2025 14:20:49
Anomaly_rXHB77.jpg,Anomaly,08/07/2025 14:22:17
Anomaly_s5OETd.jpg,Anomaly,08/07/2025 14:23:45
Anomaly_sF7fp5.jpg,Anomaly,08/07/2025 14:25:12
Anomaly_sorJal.jpg,Anomaly,08/07/2025 14:26:40
Anomaly_sV4zix.jpg,Anomaly,08/07/2025 14:28:08
Anomaly_SzMs0V.jpg,Anomaly,08/07/2025 14:29:36
Anomaly_TEzcmV.jpg,Anomaly,08/07/2025 14:31:03
Anomaly_Tpg9SS.jpg,Anomaly,08/07/2025 14:32:31
Anomaly_tsIwnB.jpg,Anomaly,08/07/2025 14:33:59
Anomaly_tUufmY.jpg,Anomaly,08/07/2025 14:35:26
Anomaly_TW3ONp.jpg,Anomaly,08/07/2025 14:36:54
Anomaly_UidQ0a.jpg,Anomaly,08/07/2025 17:19:40
Anomaly_Vd5R4i.jpg,Anomaly,08/07/2025 17:21:07
Anomaly_VH2t9Z.jpg,Anomaly,08/07/2025 17:22:35
Anomaly_vq3XvY.jpg,Anomaly,08/07/2025 17:24:03
Anomaly_VVUcfE.jpg,Anomaly,08/07/2025 17:25:31
Anomaly_WFsUaN.jpg,Anomaly,08/07/2025 19:40:30
Anomaly_xeBiNp.jpg,Anomaly,08/07/2025 19:41:58
Anomaly_xQRlic.jpg,Anomaly,08/07/2025 19:43:26
Anomaly_xZeRrJ.jpg,Anomaly,08/07/2025 19:44:53
Anomaly_YaNsBC.jpg,Anomaly,08/07/2025 19:46:21
Anomaly_YboN0o.jpg,Anomaly,08/07/2025 19:47:49
Anomaly_YbVvA8.jpg,Anomaly,08/07/2025 19:49:16
Anomaly_YdivOU.jpg,Anomaly,08/07/2025 19:50:44
Anomaly_yT7FLQ.jpg,Anomaly,08/07/2025 19:52:12
Anomaly_znTfjJ.jpg,Anomaly,08/07/2025 19:53:40
Normal_042MNd.jpg,Normal,03/07/2025 09:30:00
Normal_0jGcFr.jpg,Normal,03/07/2025 09:57:15
Normal_13nXPl.jpg,Normal,03/07/2025 10:24:30
Normal_1jNQVn.jpg,Normal,03/07/2025 10:51:45
Normal_2MZ3Pf.jpg,Normal,03/07/2025 11:19:00
Normal_2oHHQB.jpg,Normal,03/07/2025 11:46:15
Normal_2oshsH.jpg,Normal,03/07/2025 12:13:30
Normal_2ZQGtr.jpg,Normal,03/07/2025 12:40:45
Normal_32YmvM.jpg,Normal,03/07/2025 13:08:00
Normal_33o38D.jpg,Normal,03/07/2025 13:52:59
Normal_35y4I4.jpg,Normal,03/07/2025 14:33:31
Normal_3HYAvk.jpg,Normal,03/07/2025 15:00:46
Normal_3IYoa5.jpg,Normal,03/07/2025 15:28:01
Normal_3j49dh.jpg,Normal,03/07/2025 16:03:08
Normal_4Adtgj.jpg,Normal,03/07/2025 16:30:23
Normal_5azQf1.jpg,Normal,03/07/2025 16:57:38
Normal_6oxNxU.jpg,Normal,03/07/2025 17:24:53
Normal_6Q5T5p.jpg,Normal,03/07/2025 17:52:08
Normal_6xhCZG.jpg,Normal,03/07/2025 18:19:23
Normal_7Bhs78.jpg,Normal,03/07/2025 18:46:38
Normal_7gDC8g.jpg,Normal,03/07/2025 19:13:53
Normal_7zhVtM.jpg,Normal,03/07/2025 19:41:08
Normal_8Ie8nY.jpg,Normal,03/07/2025 20:08:23
Normal_8kZjVV.jpg,Normal,03/07/2025 20:35:38
Normal_8u49iF.jpg,Normal,03/07/2025 21:02:53
Normal_9NurPy.jpg,Normal,03/07/2025 21:30:08
Normal_9XdIJ9.jpg,Normal,03/07/2025 21:57:23
Normal_9Y7ppb.jpg,Normal,04/07/2025 09:54:38
Normal_acMthQ.jpg,Normal,04/07/2025 10:21:53
Normal_aHhjIH.jpg,Normal,04/07/2025 10:49:08
Normal_Ak1inN.jpg,Normal,04/07/2025 11:16:23
Normal_An5TeI.jpg,Normal,04/07/2025 11:43:38
Normal_AsByq0.jpg,Normal,04/07/2025 12:10:53
Normal_aYmDL2.jpg,Normal,04/07/2025 12:38:08
Normal_bBLJ4Z.jpg,Normal,04/07/2025 13:05:23
Normal_bOW8AK.jpg,Normal,04/07/2025 13:50:22
Normal_brqFYo.jpg,Normal,04/07/2025 14:17:37
Normal_bUNbaV.jpg,Normal,04/07/2025 14:58:09
Normal_BUYfbH.jpg,Normal,04/07/2025 15:25:24
Normal_Bxg857.jpg,Normal,04/07/2025 15:52:39
Normal_byucln.jpg,Normal,04/07/2025 16:19:55
Normal_ChEFUI.jpg,Normal,04/07/2025 16:47:10
Normal_ChwIML.jpg,Normal,04/07/2025 17:14:25
Normal_CKs5N9.jpg,Normal,04/07/2025 17:41:40
Normal_cmHFCc.jpg,Normal,04/07/2025 18:08:55
Normal_CNzfzY.jpg,Normal,04/07/2025 18:44:02
Normal_cTJHCE.jpg,Normal,04/07/2025 19:11:17
Normal_cvdcDK.jpg,Normal,04/07/2025 19:38:32
Normal_D7XJCI.jpg,Normal,04/07/2025 20:05:47
Normal_D8NM5l.jpg,Normal,04/07/2025 20:33:02
Normal_DfouF1.jpg,Normal,04/07/2025 21:00:17
Normal_dfQraK.jpg,Normal,04/07/2025 21:27:32
Normal_E6xxH4.jpg,Normal,04/07/2025 21:54:47
Normal_eEuL1D.jpg,Normal,05/07/2025 09:52:02
Normal_eHidF7.jpg,Normal,05/07/2025 10:19:17
Normal_EN75d0.jpg,Normal,05/07/2025 10:46:32
Normal_eP0FLQ.jpg,Normal,05/07/2025 11:13:47
Normal_ezcBfZ.jpg,Normal,05/07/2025 11:41:02
Normal_FQ5AZQ.jpg,Normal,05/07/2025 12:08:17
Normal_FQOFxW.jpg,Normal,05/07/2025 12:35:32
Normal_fuH5v7.jpg,Normal,05/07/2025 13:02:47
Normal_fywge5.jpg,Normal,05/07/2025 13:30:02
Normal_gfsiUC.jpg,Normal,05/07/2025 13:57:17
Normal_ghLyS0.jpg,Normal,05/07/2025 14:24:32
Normal_gRGl1b.jpg,Normal,05/07/2025 14:51:47
Normal_GTEu2X.jpg,Normal,05/07/2025 15:19:02
Normal_gVeoP0.jpg,Normal,05/07/2025 15:46:17
Normal_GxmWp8.jpg,Normal,05/07/2025 16:13:32
Normal_H6Elx0.jpg,Normal,05/07/2025 16:48:39
Normal_HBNwgU.jpg,Normal,05/07/2025 17:15:54
Normal_hFdppC.jpg,Normal,05/07/2025 17:43:09
Normal_Hkr0hj.jpg,Normal,05/07/2025 18:10:24
Normal_HUfJgl.jpg,Normal,05/07/2025 18:37:39
Normal_iIXKwE.jpg,Normal,05/07/2025 19:04:54
Normal_IkTOPZ.jpg,Normal,05/07/2025 19:32:09
Normal_iXN3Fc.jpg,Normal,05/07/2025 19:59:24
Normal_J5U36h.jpg,Normal,05/07/2025 20:26:39
Normal_JIkSwe.jpg,Normal,05/07/2025 20:53:54
Normal_JLgSll.jpg,Normal,05/07/2025 21:21:09
Normal_jQHrzr.jpg,Normal,05/07/2025 21:48:25
Normal_jwRS6b.jpg,Normal,06/07/2025 09:45:40
Normal_k6LU8p.jpg,Normal,06/07/2025 10:12:55
Normal_KdKKwL.jpg,Normal,06/07/2025 10:40:10
Normal_ki6jHi.jpg,Normal,06/07/2025 11:07:25
Normal_KJ7xE8.jpg,Normal,06/07/2025 11:34:40
Normal_KLv1rX.jpg,Normal,06/07/2025 12:01:55
Normal_KpWuti.jpg,Normal,06/07/2025 12:29:10
Normal_KwuokD.jpg,Normal,06/07/2025 12:56:25
Normal_kXy4jK.jpg,Normal,06/07/2025 13:23:40
Normal_KyGYeR.jpg,Normal,06/07/2025 13:50:55
Normal_KYkUBK.jpg,Normal,06/07/2025 14:18:10
Normal_leB45Q.jpg,Normal,06/07/2025 14:45:25
Normal_Lo1ezY.jpg,Normal,06/07/2025 15:12:40
Normal_lt1Y0r.jpg,Normal,06/07/2025 15:39:55
Normal_LwYiQT.jpg,Normal,06/07/2025 16:24:54
Normal_LX4Neo.jpg,Normal,06/07/2025 16:52:09
Normal_maEmec.jpg,Normal,06/07/2025 17:19:24
Normal_mbjzIz.jpg,Normal,06/07/2025 17:59:56
Normal_MCC3Wp.jpg,Normal,06/07/2025 18:27:11
Normal_mk2U8R.jpg,Normal,06/07/2025 18:54:26
Normal_mUoI9L.jpg,Normal,06/07/2025 19:21:41
Normal_mVnJlm.jpg,Normal,06/07/2025 19:48:56
Normal_MWAl4v.jpg,Normal,06/07/2025 20:16:11
Normal_n1axjV.jpg,Normal,06/07/2025 20:43:26
Normal_n7EH0R.jpg,Normal,06/07/2025 21:10:41
Normal_nBiLSl.jpg,Normal,06/07/2025 21:37:56
Normal_nh4f12.jpg,Normal,07/07/2025 09:35:11
Normal_nNz9uM.jpg,Normal,07/07/2025 10:02:26
Normal_obKPcQ.jpg,Normal,07/07/2025 10:29:41
Normal_ocjKJz.jpg,Normal,07/07/2025 10:56:56
Normal_oeGNU5.jpg,Normal,07/07/2025 11:24:11
Normal_OmmjRm.jpg,Normal,07/07/2025 11:51:26
Normal_or9HAh.jpg,Normal,07/07/2025 12:18:41
Normal_ota43g.jpg,Normal,07/07/2025 12:45:56
Normal_pB9NKi.jpg,Normal,07/07/2025 13:13:11
Normal_PHfHvD.jpg,Normal,07/07/2025 13:40:26
Normal_pJKjWB.jpg,Normal,07/07/2025 14:07:41
Normal_PQZKoX.jpg,Normal,07/07/2025 14:34:56
Normal_PSYbuY.jpg,Normal,07/07/2025 15:10:03
Normal_PVRMpc.jpg,Normal,07/07/2025 15:37:19
Normal_QOmxW5.jpg,Normal,07/07/2025 16:04:34
Normal_RL3taV.jpg,Normal,07/07/2025 16:31:49
Normal_RMHnjE.jpg,Normal,07/07/2025 16:59:04
Normal_S82FoY.jpg,Normal,07/07/2025 17:26:19
Normal_sEGwdu.jpg,Normal,07/07/2025 17:53:34
Normal_sRCc06.jpg,Normal,07/07/2025 18:20:49
Normal_szhBIo.jpg,Normal,07/07/2025 18:48:04
Normal_SzVw12.jpg,Normal,07/07/2025 19:33:03
Normal_tbzRLm.jpg,Normal,07/07/2025 20:00:18
Normal_Tfj0iA.jpg,Normal,07/07/2025 20:27:33
Normal_tKL5FL.jpg,Normal,07/07/2025 21:08:05
Normal_TUpxkv.jpg,Normal,07/07/2025 21:35:20
Normal_u2C1S7.jpg,Normal,08/07/2025 09:32:35
Normal_u2ND3T.jpg,Normal,08/07/2025 09:59:50
Normal_u5BPyG.jpg,Normal,08/07/2025 10:27:05
Normal_U7vCQr.jpg,Normal,08/07/2025 10:54:20
Normal_UfychB.jpg,Normal,08/07/2025 11:21:35
Normal_UtJDpV.jpg,Normal,08/07/2025 11:48:50
Normal_vJ7ivx.jpg,Normal,08/07/2025 12:16:05
Normal_Vjf2d1.jpg,Normal,08/07/2025 12:43:20
Normal_vsJmOT.jpg,Normal,08/07/2025 13:10:35
Normal_Vz8JVJ.jpg,Normal,08/07/2025 13:37:50
Normal_vZUsgt.jpg,Normal,08/07/2025 14:05:05
Normal_WCBpDI.jpg,Normal,08/07/2025 14:50:04
Normal_weTyL6.jpg,Normal,08/07/2025 15:17:19
Normal_wGJWtT.jpg,Normal,08/07/2025 15:44:34
Normal_WnQwMt.jpg,Normal,08/07/2025 16:11:49
Normal_WSTr39.jpg,Normal,08/07/2025 16:39:04
Normal_wVPYs7.jpg,Normal,08/07/2025 17:06:19
Normal_x565kr.jpg,Normal,08/07/2025 17:41:26
Normal_y5XpVt.jpg,Normal,08/07/2025 18:08:41
Normal_ys325s.jpg,Normal,08/07/2025 18:35:56
Normal_z4gnKp.jpg,Normal,08/07/2025 19:03:11
Normal_zBrVpH.jpg,Normal,08/07/2025 19:30:26
Normal_Zc7kad.jpg,Normal,08/07/2025 20:10:58
Normal_zKlaEJ.jpg,Normal,08/07/2025 20:38:13
Normal_ZuUHH7.jpg,Normal,08/07/2025 21:05:28
Normal_ZY8Ccu.jpg,Normal,08/07/2025 21:32:43
Normal_ZZTjNa.jpg,Normal,08/07/2025 21:59:59
